<?xml version="1.0" encoding="UTF-8" standalone="yes"?>
<w:ftr xmlns:wpc="http://schemas.microsoft.com/office/word/2010/wordprocessingCanvas" xmlns:mc="http://schemas.openxmlformats.org/markup-compatibility/2006" xmlns:o="urn:schemas-microsoft-com:office:office" xmlns:r="http://schemas.openxmlformats.org/officeDocument/2006/relationships" xmlns:m="http://schemas.openxmlformats.org/officeDocument/2006/math" xmlns:v="urn:schemas-microsoft-com:vml" xmlns:wp14="http://schemas.microsoft.com/office/word/2010/wordprocessingDrawing" xmlns:wp="http://schemas.openxmlformats.org/drawingml/2006/wordprocessingDrawing" xmlns:w10="urn:schemas-microsoft-com:office:word" xmlns:w="http://schemas.openxmlformats.org/wordprocessingml/2006/main" xmlns:w14="http://schemas.microsoft.com/office/word/2010/wordml" xmlns:w15="http://schemas.microsoft.com/office/word/2012/wordml" xmlns:wpg="http://schemas.microsoft.com/office/word/2010/wordprocessingGroup" xmlns:wpi="http://schemas.microsoft.com/office/word/2010/wordprocessingInk" xmlns:wne="http://schemas.microsoft.com/office/word/2006/wordml" xmlns:wps="http://schemas.microsoft.com/office/word/2010/wordprocessingShape" mc:Ignorable="w14 w15 wp14"><w:tbl><w:tblPr><w:tblW w:w="0" w:type="auto"/><w:tblInd w:w="70" w:type="dxa"/><w:tblBorders><w:top w:val="single" w:sz="4" w:space="0" w:color="FFFFFF" w:themeColor="background1"/><w:left w:val="single" w:sz="4" w:space="0" w:color="FFFFFF" w:themeColor="background1"/><w:bottom w:val="single" w:sz="4" w:space="0" w:color="FFFFFF" w:themeColor="background1"/><w:right w:val="single" w:sz="4" w:space="0" w:color="FFFFFF" w:themeColor="background1"/><w:insideH w:val="single" w:sz="4" w:space="0" w:color="FFFFFF" w:themeColor="background1"/><w:insideV w:val="single" w:sz="4" w:space="0" w:color="FFFFFF" w:themeColor="background1"/></w:tblBorders><w:tblLayout w:type="fixed"/><w:tblCellMar><w:left w:w="70" w:type="dxa"/><w:right w:w="70" w:type="dxa"/></w:tblCellMar><w:tblLook w:val="0000" w:firstRow="0" w:lastRow="0" w:firstColumn="0" w:lastColumn="0" w:noHBand="0" w:noVBand="0"/></w:tblPr><w:tblGrid><w:gridCol w:w="1134"/><w:gridCol w:w="6804"/><w:gridCol w:w="1418"/></w:tblGrid><w:tr w:rsidR="002B7C72" w:rsidRPr="002B515E" w:rsidTr="002B7C72"><w:trPr><w:trHeight w:val="273"/></w:trPr><w:tc><w:tcPr><w:tcW w:w="1134" w:type="dxa"/></w:tcPr><w:p w:rsidR="002B7C72" w:rsidRPr="002B515E" w:rsidRDefault="002B7C72"><w:pPr><w:pStyle w:val="Rodap"/><w:rPr><w:rFonts w:ascii="Arial" w:hAnsi="Arial" w:cs="Arial"/><w:sz w:val="16"/><w:szCs w:val="16"/></w:rPr></w:pPr><w:r w:rsidRPr="002B515E"><w:rPr><w:rFonts w:ascii="Arial" w:hAnsi="Arial" w:cs="Arial"/><w:sz w:val="16"/><w:szCs w:val="16"/></w:rPr><w:t>Confidencial</w:t></w:r></w:p></w:tc><w:tc><w:tcPr><w:tcW w:w="6804" w:type="dxa"/></w:tcPr><w:p w:rsidR="002B7C72" w:rsidRPr="002B515E" w:rsidRDefault="002B7C72" w:rsidP="002B7C72"><w:pPr><w:pStyle w:val="Rodap"/><w:jc w:val="center"/><w:rPr><w:rFonts w:ascii="Arial" w:hAnsi="Arial" w:cs="Arial"/><w:sz w:val="16"/><w:szCs w:val="16"/></w:rPr></w:pPr><w:r><w:rPr><w:rFonts w:ascii="Arial" w:hAnsi="Arial" w:cs="Arial"/><w:sz w:val="16"/><w:szCs w:val="16"/></w:rPr><w:t>Análise de Vulnerabilidades</w:t></w:r></w:p></w:tc><w:tc><w:tcPr><w:tcW w:w="1418" w:type="dxa"/></w:tcPr><w:p w:rsidR="002B7C72" w:rsidRPr="002B515E" w:rsidRDefault="002B7C72" w:rsidP="002B7C72"><w:pPr><w:pStyle w:val="Rodap"/><w:jc w:val="right"/><w:rPr><w:rFonts w:ascii="Arial" w:hAnsi="Arial" w:cs="Arial"/><w:sz w:val="16"/><w:szCs w:val="16"/></w:rPr></w:pPr><w:r w:rsidRPr="002B515E"><w:rPr><w:rFonts w:ascii="Arial" w:hAnsi="Arial" w:cs="Arial"/><w:snapToGrid w:val="0"/><w:sz w:val="16"/><w:szCs w:val="16"/></w:rPr><w:t xml:space="preserve">Página: </w:t></w:r><w:r w:rsidRPr="002B515E"><w:rPr><w:rStyle w:val="Nmerodepgina"/><w:rFonts w:ascii="Arial" w:hAnsi="Arial" w:cs="Arial"/><w:sz w:val="16"/><w:szCs w:val="16"/></w:rPr><w:fldChar w:fldCharType="begin"/></w:r><w:r w:rsidRPr="002B515E"><w:rPr><w:rStyle w:val="Nmerodepgina"/><w:rFonts w:ascii="Arial" w:hAnsi="Arial" w:cs="Arial"/><w:sz w:val="16"/><w:szCs w:val="16"/></w:rPr><w:instrText xml:space="preserve"> PAGE </w:instrText></w:r><w:r w:rsidRPr="002B515E"><w:rPr><w:rStyle w:val="Nmerodepgina"/><w:rFonts w:ascii="Arial" w:hAnsi="Arial" w:cs="Arial"/><w:sz w:val="16"/><w:szCs w:val="16"/></w:rPr><w:fldChar w:fldCharType="separate"/></w:r><w:r w:rsidR="007A1F6B"><w:rPr><w:rStyle w:val="Nmerodepgina"/><w:rFonts w:ascii="Arial" w:hAnsi="Arial" w:cs="Arial"/><w:noProof/><w:sz w:val="16"/><w:szCs w:val="16"/></w:rPr><w:t>7</w:t></w:r><w:r w:rsidRPr="002B515E"><w:rPr><w:rStyle w:val="Nmerodepgina"/><w:rFonts w:ascii="Arial" w:hAnsi="Arial" w:cs="Arial"/><w:sz w:val="16"/><w:szCs w:val="16"/></w:rPr><w:fldChar w:fldCharType="end"/></w:r><w:r w:rsidRPr="002B515E"><w:rPr><w:rFonts w:ascii="Arial" w:hAnsi="Arial" w:cs="Arial"/><w:sz w:val="16"/><w:szCs w:val="16"/></w:rPr><w:t xml:space="preserve"> </w:t></w:r><w:r w:rsidRPr="002B515E"><w:rPr><w:rFonts w:ascii="Arial" w:hAnsi="Arial" w:cs="Arial"/><w:snapToGrid w:val="0"/><w:sz w:val="16"/><w:szCs w:val="16"/></w:rPr><w:t xml:space="preserve">de </w:t></w:r><w:r w:rsidRPr="002B515E"><w:rPr><w:rStyle w:val="Nmerodepgina"/><w:rFonts w:ascii="Arial" w:hAnsi="Arial" w:cs="Arial"/><w:sz w:val="16"/><w:szCs w:val="16"/></w:rPr><w:fldChar w:fldCharType="begin"/></w:r><w:r w:rsidRPr="002B515E"><w:rPr><w:rStyle w:val="Nmerodepgina"/><w:rFonts w:ascii="Arial" w:hAnsi="Arial" w:cs="Arial"/><w:sz w:val="16"/><w:szCs w:val="16"/></w:rPr><w:instrText xml:space="preserve"> NUMPAGES </w:instrText></w:r><w:r w:rsidRPr="002B515E"><w:rPr><w:rStyle w:val="Nmerodepgina"/><w:rFonts w:ascii="Arial" w:hAnsi="Arial" w:cs="Arial"/><w:sz w:val="16"/><w:szCs w:val="16"/></w:rPr><w:fldChar w:fldCharType="separate"/></w:r><w:r w:rsidR="007A1F6B"><w:rPr><w:rStyle w:val="Nmerodepgina"/><w:rFonts w:ascii="Arial" w:hAnsi="Arial" w:cs="Arial"/><w:noProof/><w:sz w:val="16"/><w:szCs w:val="16"/></w:rPr><w:t>7</w:t></w:r><w:r w:rsidRPr="002B515E"><w:rPr><w:rStyle w:val="Nmerodepgina"/><w:rFonts w:ascii="Arial" w:hAnsi="Arial" w:cs="Arial"/><w:sz w:val="16"/><w:szCs w:val="16"/></w:rPr><w:fldChar w:fldCharType="end"/></w:r></w:p></w:tc></w:tr></w:tbl><w:p w:rsidR="002B7C72" w:rsidRPr="002B515E" w:rsidRDefault="002B7C72" w:rsidP="002B7C72"><w:pPr><w:pStyle w:val="Advertencia"/><w:rPr><w:rFonts w:cs="Arial"/><w:i w:val="0"/><w:sz w:val="16"/><w:szCs w:val="16"/></w:rPr></w:pPr></w:p><w:p w:rsidR="002B7C72" w:rsidRDefault="002B7C72"/><w:p w:rsidR="002B7C72" w:rsidRDefault="002B7C72" w:rsidP="002B7C72"/></w:ftr>