<?xml version="1.0" encoding="UTF-8" standalone="yes"?>
<w:hdr xmlns:wpc="http://schemas.microsoft.com/office/word/2010/wordprocessingCanvas" xmlns:mc="http://schemas.openxmlformats.org/markup-compatibility/2006" xmlns:o="urn:schemas-microsoft-com:office:office" xmlns:r="http://schemas.openxmlformats.org/officeDocument/2006/relationships" xmlns:m="http://schemas.openxmlformats.org/officeDocument/2006/math" xmlns:v="urn:schemas-microsoft-com:vml" xmlns:wp14="http://schemas.microsoft.com/office/word/2010/wordprocessingDrawing" xmlns:wp="http://schemas.openxmlformats.org/drawingml/2006/wordprocessingDrawing" xmlns:w10="urn:schemas-microsoft-com:office:word" xmlns:w="http://schemas.openxmlformats.org/wordprocessingml/2006/main" xmlns:w14="http://schemas.microsoft.com/office/word/2010/wordml" xmlns:w15="http://schemas.microsoft.com/office/word/2012/wordml" xmlns:wpg="http://schemas.microsoft.com/office/word/2010/wordprocessingGroup" xmlns:wpi="http://schemas.microsoft.com/office/word/2010/wordprocessingInk" xmlns:wne="http://schemas.microsoft.com/office/word/2006/wordml" xmlns:wps="http://schemas.microsoft.com/office/word/2010/wordprocessingShape" mc:Ignorable="w14 w15 wp14"><w:tbl><w:tblPr><w:tblpPr w:leftFromText="180" w:rightFromText="180" w:vertAnchor="text" w:horzAnchor="margin" w:tblpXSpec="center" w:tblpY="182"/><w:tblW w:w="10160" w:type="dxa"/><w:tblBorders><w:top w:val="single" w:sz="4" w:space="0" w:color="auto"/><w:left w:val="single" w:sz="4" w:space="0" w:color="auto"/><w:bottom w:val="single" w:sz="4" w:space="0" w:color="auto"/><w:right w:val="single" w:sz="4" w:space="0" w:color="auto"/><w:insideH w:val="single" w:sz="4" w:space="0" w:color="auto"/><w:insideV w:val="single" w:sz="4" w:space="0" w:color="auto"/></w:tblBorders><w:tblLook w:val="0000" w:firstRow="0" w:lastRow="0" w:firstColumn="0" w:lastColumn="0" w:noHBand="0" w:noVBand="0"/></w:tblPr><w:tblGrid><w:gridCol w:w="2660"/><w:gridCol w:w="7500"/></w:tblGrid><w:tr w:rsidR="002B7C72" w:rsidRPr="00AC4E5C" w:rsidTr="002B7C72"><w:trPr><w:trHeight w:val="557"/></w:trPr><w:tc><w:tcPr><w:tcW w:w="2660" w:type="dxa"/><w:tcBorders><w:top w:val="single" w:sz="4" w:space="0" w:color="auto"/><w:left w:val="single" w:sz="4" w:space="0" w:color="auto"/><w:bottom w:val="single" w:sz="4" w:space="0" w:color="auto"/><w:right w:val="single" w:sz="4" w:space="0" w:color="auto"/></w:tcBorders><w:vAlign w:val="center"/></w:tcPr><w:p w:rsidR="002B7C72" w:rsidRPr="00AC4E5C" w:rsidRDefault="002B7C72" w:rsidP="002B7C72"><w:pPr><w:jc w:val="center"/><w:rPr><w:b/></w:rPr></w:pPr><w:r><w:rPr><w:noProof/><w:lang w:eastAsia="pt-BR"/></w:rPr><w:drawing><wp:anchor distT="0" distB="0" distL="114300" distR="114300" simplePos="0" relativeHeight="251659264" behindDoc="0" locked="0" layoutInCell="1" allowOverlap="1" wp14:anchorId="75FBE8AD" wp14:editId="5C1A3EA4"><wp:simplePos x="1343025" y="657225"/><wp:positionH relativeFrom="margin"><wp:align>center</wp:align></wp:positionH><wp:positionV relativeFrom="margin"><wp:align>center</wp:align></wp:positionV><wp:extent cx="289775" cy="285750"/><wp:effectExtent l="0" t="0" r="0" b="0"/><wp:wrapSquare wrapText="bothSides"/><wp:docPr id="1" name="Imagem 1" descr="https://bankline.itau.com.br/V1/UNICLASS/IMG/logo_itau.gif"/><wp:cNvGraphicFramePr><a:graphicFrameLocks xmlns:a="http://schemas.openxmlformats.org/drawingml/2006/main" noChangeAspect="1"/></wp:cNvGraphicFramePr><a:graphic xmlns:a="http://schemas.openxmlformats.org/drawingml/2006/main"><a:graphicData uri="http://schemas.openxmlformats.org/drawingml/2006/picture"><pic:pic xmlns:pic="http://schemas.openxmlformats.org/drawingml/2006/picture"><pic:nvPicPr><pic:cNvPr id="0" name="Picture 1" descr="https://bankline.itau.com.br/V1/UNICLASS/IMG/logo_itau.gif"/><pic:cNvPicPr><a:picLocks noChangeAspect="1" noChangeArrowheads="1"/></pic:cNvPicPr></pic:nvPicPr><pic:blipFill><a:blip r:embed="rId1" cstate="print"><a:extLst><a:ext uri="{28A0092B-C50C-407E-A947-70E740481C1C}"><a14:useLocalDpi xmlns:a14="http://schemas.microsoft.com/office/drawing/2010/main" val="0"/></a:ext></a:extLst></a:blip><a:srcRect/><a:stretch><a:fillRect/></a:stretch></pic:blipFill><pic:spPr bwMode="auto"><a:xfrm><a:off x="0" y="0"/><a:ext cx="289775" cy="285750"/></a:xfrm><a:prstGeom prst="rect"><a:avLst/></a:prstGeom><a:noFill/><a:ln><a:noFill/></a:ln></pic:spPr></pic:pic></a:graphicData></a:graphic></wp:anchor></w:drawing></w:r></w:p></w:tc><w:tc><w:tcPr><w:tcW w:w="7500" w:type="dxa"/><w:tcBorders><w:top w:val="single" w:sz="4" w:space="0" w:color="auto"/><w:left w:val="single" w:sz="4" w:space="0" w:color="auto"/><w:bottom w:val="single" w:sz="4" w:space="0" w:color="auto"/><w:right w:val="single" w:sz="4" w:space="0" w:color="auto"/></w:tcBorders><w:vAlign w:val="center"/></w:tcPr><w:p w:rsidR="002B7C72" w:rsidRPr="006F761E" w:rsidRDefault="002B7C72" w:rsidP="00E029E1"><w:pPr><w:jc w:val="center"/><w:rPr><w:sz w:val="22"/><w:szCs w:val="22"/></w:rPr></w:pPr><w:r><w:rPr><w:sz w:val="22"/><w:szCs w:val="22"/></w:rPr><w:t>Análise de Vulnerabilidades</w:t></w:r><w:r w:rsidRPr="006F761E"><w:rPr><w:sz w:val="22"/><w:szCs w:val="22"/></w:rPr><w:t xml:space="preserve"> – </w:t></w:r><w:r><w:rPr><w:sz w:val="22"/><w:szCs w:val="22"/></w:rPr><w:t>PMS [Nº]</w:t></w:r></w:p></w:tc></w:tr></w:tbl><w:p w:rsidR="002B7C72" w:rsidRPr="001E6B18" w:rsidRDefault="002B7C72" w:rsidP="002B7C72"><w:pPr><w:pStyle w:val="Cabealho"/><w:rPr><w:rFonts w:cs="Arial"/><w:sz w:val="8"/><w:u w:val="single"/></w:rPr></w:pPr></w:p><w:p w:rsidR="002B7C72" w:rsidRDefault="002B7C72" w:rsidP="002B7C72"><w:pPr><w:pStyle w:val="Cabealho"/><w:rPr><w:rFonts w:cs="Arial"/><w:sz w:val="8"/></w:rPr></w:pPr></w:p><w:p w:rsidR="002B7C72" w:rsidRDefault="002B7C72" w:rsidP="002B7C72"><w:pPr><w:pStyle w:val="Cabealho"/><w:rPr><w:rFonts w:cs="Arial"/><w:sz w:val="8"/></w:rPr></w:pPr></w:p></w:hdr>