<?xml version="1.0" encoding="UTF-8" standalone="yes"?>
<w:styles xmlns:mc="http://schemas.openxmlformats.org/markup-compatibility/2006" xmlns:r="http://schemas.openxmlformats.org/officeDocument/2006/relationships" xmlns:w="http://schemas.openxmlformats.org/wordprocessingml/2006/main" xmlns:w14="http://schemas.microsoft.com/office/word/2010/wordml" xmlns:w15="http://schemas.microsoft.com/office/word/2012/wordml" mc:Ignorable="w14 w15"><w:docDefaults><w:rPrDefault><w:rPr><w:rFonts w:asciiTheme="minorHAnsi" w:eastAsiaTheme="minorEastAsia" w:hAnsiTheme="minorHAnsi" w:cstheme="minorBidi"/><w:lang w:val="pt-BR" w:eastAsia="en-US" w:bidi="ar-SA"/></w:rPr></w:rPrDefault><w:pPrDefault><w:pPr><w:spacing w:after="200" w:line="276" w:lineRule="auto"/><w:jc w:val="both"/></w:pPr></w:pPrDefault></w:docDefaults><w:latentStyles w:defLockedState="0" w:defUIPriority="99" w:defSemiHidden="0" w:defUnhideWhenUsed="0" w:defQFormat="0" w:count="371"><w:lsdException w:name="Normal" w:uiPriority="0" w:qFormat="1"/><w:lsdException w:name="heading 1" w:uiPriority="9" w:qFormat="1"/><w:lsdException w:name="heading 2" w:semiHidden="1" w:uiPriority="9" w:unhideWhenUsed="1" w:qFormat="1"/><w:lsdException w:name="heading 3" w:semiHidden="1" w:uiPriority="9" w:unhideWhenUsed="1" w:qFormat="1"/><w:lsdException w:name="heading 4" w:semiHidden="1" w:uiPriority="9" w:unhideWhenUsed="1" w:qFormat="1"/><w:lsdException w:name="heading 5" w:semiHidden="1" w:uiPriority="9" w:unhideWhenUsed="1" w:qFormat="1"/><w:lsdException w:name="heading 6" w:semiHidden="1" w:uiPriority="9" w:unhideWhenUsed="1" w:qFormat="1"/><w:lsdException w:name="heading 7" w:semiHidden="1" w:uiPriority="9" w:unhideWhenUsed="1" w:qFormat="1"/><w:lsdException w:name="heading 8" w:semiHidden="1" w:uiPriority="9" w:unhideWhenUsed="1" w:qFormat="1"/><w:lsdException w:name="heading 9" w:semiHidden="1" w:uiPriority="9" w:unhideWhenUsed="1" w:qFormat="1"/><w:lsdException w:name="index 1" w:semiHidden="1" w:unhideWhenUsed="1"/><w:lsdException w:name="index 2" w:semiHidden="1" w:unhideWhenUsed="1"/><w:lsdException w:name="index 3" w:semiHidden="1" w:unhideWhenUsed="1"/><w:lsdException w:name="index 4" w:semiHidden="1" w:unhideWhenUsed="1"/><w:lsdException w:name="index 5" w:semiHidden="1" w:unhideWhenUsed="1"/><w:lsdException w:name="index 6" w:semiHidden="1" w:unhideWhenUsed="1"/><w:lsdException w:name="index 7" w:semiHidden="1" w:unhideWhenUsed="1"/><w:lsdException w:name="index 8" w:semiHidden="1" w:unhideWhenUsed="1"/><w:lsdException w:name="index 9" w:semiHidden="1" w:unhideWhenUsed="1"/><w:lsdException w:name="toc 1" w:semiHidden="1" w:uiPriority="39" w:unhideWhenUsed="1"/><w:lsdException w:name="toc 2" w:semiHidden="1" w:uiPriority="39" w:unhideWhenUsed="1"/><w:lsdException w:name="toc 3" w:semiHidden="1" w:uiPriority="39" w:unhideWhenUsed="1"/><w:lsdException w:name="toc 4" w:semiHidden="1" w:uiPriority="39" w:unhideWhenUsed="1"/><w:lsdException w:name="toc 5" w:semiHidden="1" w:uiPriority="39" w:unhideWhenUsed="1"/><w:lsdException w:name="toc 6" w:semiHidden="1" w:uiPriority="39" w:unhideWhenUsed="1"/><w:lsdException w:name="toc 7" w:semiHidden="1" w:uiPriority="39" w:unhideWhenUsed="1"/><w:lsdException w:name="toc 8" w:semiHidden="1" w:uiPriority="39" w:unhideWhenUsed="1"/><w:lsdException w:name="toc 9" w:semiHidden="1" w:uiPriority="39" w:unhideWhenUsed="1"/><w:lsdException w:name="Normal Indent" w:semiHidden="1" w:unhideWhenUsed="1"/><w:lsdException w:name="footnote text" w:semiHidden="1" w:unhideWhenUsed="1"/><w:lsdException w:name="annotation text" w:semiHidden="1" w:unhideWhenUsed="1"/><w:lsdException w:name="header" w:semiHidden="1" w:uiPriority="0" w:unhideWhenUsed="1"/><w:lsdException w:name="footer" w:semiHidden="1" w:uiPriority="0" w:unhideWhenUsed="1"/><w:lsdException w:name="index heading" w:semiHidden="1" w:unhideWhenUsed="1"/><w:lsdException w:name="caption" w:semiHidden="1" w:uiPriority="35" w:unhideWhenUsed="1" w:qFormat="1"/><w:lsdException w:name="table of figures" w:semiHidden="1" w:unhideWhenUsed="1"/><w:lsdException w:name="envelope address" w:semiHidden="1" w:unhideWhenUsed="1"/><w:lsdException w:name="envelope return" w:semiHidden="1" w:unhideWhenUsed="1"/><w:lsdException w:name="footnote reference" w:semiHidden="1" w:unhideWhenUsed="1"/><w:lsdException w:name="annotation reference" w:semiHidden="1" w:unhideWhenUsed="1"/><w:lsdException w:name="line number" w:semiHidden="1" w:unhideWhenUsed="1"/><w:lsdException w:name="page number" w:semiHidden="1" w:uiPriority="0" w:unhideWhenUsed="1"/><w:lsdException w:name="endnote reference" w:semiHidden="1" w:unhideWhenUsed="1"/><w:lsdException w:name="endnote text" w:semiHidden="1" w:unhideWhenUsed="1"/><w:lsdException w:name="table of authorities" w:semiHidden="1" w:unhideWhenUsed="1"/><w:lsdException w:name="macro" w:semiHidden="1" w:unhideWhenUsed="1"/><w:lsdException w:name="toa heading" w:semiHidden="1" w:unhideWhenUsed="1"/><w:lsdException w:name="List" w:semiHidden="1" w:unhideWhenUsed="1"/><w:lsdException w:name="List Bullet" w:semiHidden="1" w:unhideWhenUsed="1"/><w:lsdException w:name="List Number" w:semiHidden="1" w:unhideWhenUsed="1"/><w:lsdException w:name="List 2" w:semiHidden="1" w:unhideWhenUsed="1"/><w:lsdException w:name="List 3" w:semiHidden="1" w:unhideWhenUsed="1"/><w:lsdException w:name="List 4" w:semiHidden="1" w:unhideWhenUsed="1"/><w:lsdException w:name="List 5" w:semiHidden="1" w:unhideWhenUsed="1"/><w:lsdException w:name="List Bullet 2" w:semiHidden="1" w:unhideWhenUsed="1"/><w:lsdException w:name="List Bullet 3" w:semiHidden="1" w:unhideWhenUsed="1"/><w:lsdException w:name="List Bullet 4" w:semiHidden="1" w:unhideWhenUsed="1"/><w:lsdException w:name="List Bullet 5" w:semiHidden="1" w:unhideWhenUsed="1"/><w:lsdException w:name="List Number 2" w:semiHidden="1" w:unhideWhenUsed="1"/><w:lsdException w:name="List Number 3" w:semiHidden="1" w:unhideWhenUsed="1"/><w:lsdException w:name="List Number 4" w:semiHidden="1" w:unhideWhenUsed="1"/><w:lsdException w:name="List Number 5" w:semiHidden="1" w:unhideWhenUsed="1"/><w:lsdException w:name="Title" w:uiPriority="10" w:qFormat="1"/><w:lsdException w:name="Closing" w:semiHidden="1" w:unhideWhenUsed="1"/><w:lsdException w:name="Signature" w:semiHidden="1" w:unhideWhenUsed="1"/><w:lsdException w:name="Default Paragraph Font" w:semiHidden="1" w:uiPriority="1" w:unhideWhenUsed="1"/><w:lsdException w:name="Body Text" w:semiHidden="1" w:unhideWhenUsed="1"/><w:lsdException w:name="Body Text Indent" w:semiHidden="1" w:unhideWhenUsed="1"/><w:lsdException w:name="List Continue" w:semiHidden="1" w:unhideWhenUsed="1"/><w:lsdException w:name="List Continue 2" w:semiHidden="1" w:unhideWhenUsed="1"/><w:lsdException w:name="List Continue 3" w:semiHidden="1" w:unhideWhenUsed="1"/><w:lsdException w:name="List Continue 4" w:semiHidden="1" w:unhideWhenUsed="1"/><w:lsdException w:name="List Continue 5" w:semiHidden="1" w:unhideWhenUsed="1"/><w:lsdException w:name="Message Header" w:semiHidden="1" w:unhideWhenUsed="1"/><w:lsdException w:name="Subtitle" w:uiPriority="11" w:qFormat="1"/><w:lsdException w:name="Salutation" w:semiHidden="1" w:unhideWhenUsed="1"/><w:lsdException w:name="Date" w:semiHidden="1" w:unhideWhenUsed="1"/><w:lsdException w:name="Body Text First Indent" w:semiHidden="1" w:unhideWhenUsed="1"/><w:lsdException w:name="Body Text First Indent 2" w:semiHidden="1" w:unhideWhenUsed="1"/><w:lsdException w:name="Note Heading" w:semiHidden="1" w:unhideWhenUsed="1"/><w:lsdException w:name="Body Text 2" w:semiHidden="1" w:unhideWhenUsed="1"/><w:lsdException w:name="Body Text 3" w:semiHidden="1" w:unhideWhenUsed="1"/><w:lsdException w:name="Body Text Indent 2" w:semiHidden="1" w:unhideWhenUsed="1"/><w:lsdException w:name="Body Text Indent 3" w:semiHidden="1" w:unhideWhenUsed="1"/><w:lsdException w:name="Block Text" w:semiHidden="1" w:unhideWhenUsed="1"/><w:lsdException w:name="Hyperlink" w:semiHidden="1" w:unhideWhenUsed="1"/><w:lsdException w:name="FollowedHyperlink" w:semiHidden="1" w:unhideWhenUsed="1"/><w:lsdException w:name="Strong" w:uiPriority="22" w:qFormat="1"/><w:lsdException w:name="Emphasis" w:uiPriority="20" w:qFormat="1"/><w:lsdException w:name="Document Map" w:semiHidden="1" w:unhideWhenUsed="1"/><w:lsdException w:name="Plain Text" w:semiHidden="1" w:unhideWhenUsed="1"/><w:lsdException w:name="E-mail Signature" w:semiHidden="1" w:unhideWhenUsed="1"/><w:lsdException w:name="HTML Top of Form" w:semiHidden="1" w:unhideWhenUsed="1"/><w:lsdException w:name="HTML Bottom of Form" w:semiHidden="1" w:unhideWhenUsed="1"/><w:lsdException w:name="Normal (Web)" w:semiHidden="1" w:unhideWhenUsed="1"/><w:lsdException w:name="HTML Acronym" w:semiHidden="1" w:unhideWhenUsed="1"/><w:lsdException w:name="HTML Address" w:semiHidden="1" w:unhideWhenUsed="1"/><w:lsdException w:name="HTML Cite" w:semiHidden="1" w:unhideWhenUsed="1"/><w:lsdException w:name="HTML Code" w:semiHidden="1" w:unhideWhenUsed="1"/><w:lsdException w:name="HTML Definition" w:semiHidden="1" w:unhideWhenUsed="1"/><w:lsdException w:name="HTML Keyboard" w:semiHidden="1" w:unhideWhenUsed="1"/><w:lsdException w:name="HTML Preformatted" w:semiHidden="1" w:unhideWhenUsed="1"/><w:lsdException w:name="HTML Sample" w:semiHidden="1" w:unhideWhenUsed="1"/><w:lsdException w:name="HTML Typewriter" w:semiHidden="1" w:unhideWhenUsed="1"/><w:lsdException w:name="HTML Variable" w:semiHidden="1" w:unhideWhenUsed="1"/><w:lsdException w:name="Normal Table" w:semiHidden="1" w:unhideWhenUsed="1"/><w:lsdException w:name="annotation subject" w:semiHidden="1" w:unhideWhenUsed="1"/><w:lsdException w:name="No List" w:semiHidden="1" w:unhideWhenUsed="1"/><w:lsdException w:name="Outline List 1" w:semiHidden="1" w:unhideWhenUsed="1"/><w:lsdException w:name="Outline List 2" w:semiHidden="1" w:unhideWhenUsed="1"/><w:lsdException w:name="Outline List 3" w:semiHidden="1" w:unhideWhenUsed="1"/><w:lsdException w:name="Table Simple 1" w:semiHidden="1" w:unhideWhenUsed="1"/><w:lsdException w:name="Table Simple 2" w:semiHidden="1" w:unhideWhenUsed="1"/><w:lsdException w:name="Table Simple 3" w:semiHidden="1" w:unhideWhenUsed="1"/><w:lsdException w:name="Table Classic 1" w:semiHidden="1" w:unhideWhenUsed="1"/><w:lsdException w:name="Table Classic 2" w:semiHidden="1" w:unhideWhenUsed="1"/><w:lsdException w:name="Table Classic 3" w:semiHidden="1" w:unhideWhenUsed="1"/><w:lsdException w:name="Table Classic 4" w:semiHidden="1" w:unhideWhenUsed="1"/><w:lsdException w:name="Table Colorful 1" w:semiHidden="1" w:unhideWhenUsed="1"/><w:lsdException w:name="Table Colorful 2" w:semiHidden="1" w:unhideWhenUsed="1"/><w:lsdException w:name="Table Colorful 3" w:semiHidden="1" w:unhideWhenUsed="1"/><w:lsdException w:name="Table Columns 1" w:semiHidden="1" w:unhideWhenUsed="1"/><w:lsdException w:name="Table Columns 2" w:semiHidden="1" w:unhideWhenUsed="1"/><w:lsdException w:name="Table Columns 3" w:semiHidden="1" w:unhideWhenUsed="1"/><w:lsdException w:name="Table Columns 4" w:semiHidden="1" w:unhideWhenUsed="1"/><w:lsdException w:name="Table Columns 5" w:semiHidden="1" w:unhideWhenUsed="1"/><w:lsdException w:name="Table Grid 1" w:semiHidden="1" w:unhideWhenUsed="1"/><w:lsdException w:name="Table Grid 2" w:semiHidden="1" w:unhideWhenUsed="1"/><w:lsdException w:name="Table Grid 3" w:semiHidden="1" w:unhideWhenUsed="1"/><w:lsdException w:name="Table Grid 4" w:semiHidden="1" w:unhideWhenUsed="1"/><w:lsdException w:name="Table Grid 5" w:semiHidden="1" w:unhideWhenUsed="1"/><w:lsdException w:name="Table Grid 6" w:semiHidden="1" w:unhideWhenUsed="1"/><w:lsdException w:name="Table Grid 7" w:semiHidden="1" w:unhideWhenUsed="1"/><w:lsdException w:name="Table Grid 8" w:semiHidden="1" w:unhideWhenUsed="1"/><w:lsdException w:name="Table List 1" w:semiHidden="1" w:unhideWhenUsed="1"/><w:lsdException w:name="Table List 2" w:semiHidden="1" w:unhideWhenUsed="1"/><w:lsdException w:name="Table List 3" w:semiHidden="1" w:unhideWhenUsed="1"/><w:lsdException w:name="Table List 4" w:semiHidden="1" w:unhideWhenUsed="1"/><w:lsdException w:name="Table List 5" w:semiHidden="1" w:unhideWhenUsed="1"/><w:lsdException w:name="Table List 6" w:semiHidden="1" w:unhideWhenUsed="1"/><w:lsdException w:name="Table List 7" w:semiHidden="1" w:unhideWhenUsed="1"/><w:lsdException w:name="Table List 8" w:semiHidden="1" w:unhideWhenUsed="1"/><w:lsdException w:name="Table 3D effects 1" w:semiHidden="1" w:unhideWhenUsed="1"/><w:lsdException w:name="Table 3D effects 2" w:semiHidden="1" w:unhideWhenUsed="1"/><w:lsdException w:name="Table 3D effects 3" w:semiHidden="1" w:unhideWhenUsed="1"/><w:lsdException w:name="Table Contemporary" w:semiHidden="1" w:unhideWhenUsed="1"/><w:lsdException w:name="Table Elegant" w:semiHidden="1" w:unhideWhenUsed="1"/><w:lsdException w:name="Table Professional" w:semiHidden="1" w:unhideWhenUsed="1"/><w:lsdException w:name="Table Subtle 1" w:semiHidden="1" w:unhideWhenUsed="1"/><w:lsdException w:name="Table Subtle 2" w:semiHidden="1" w:unhideWhenUsed="1"/><w:lsdException w:name="Table Web 1" w:semiHidden="1" w:unhideWhenUsed="1"/><w:lsdException w:name="Table Web 2" w:semiHidden="1" w:unhideWhenUsed="1"/><w:lsdException w:name="Table Web 3" w:semiHidden="1" w:unhideWhenUsed="1"/><w:lsdException w:name="Balloon Text" w:semiHidden="1" w:unhideWhenUsed="1"/><w:lsdException w:name="Table Grid" w:uiPriority="0"/><w:lsdException w:name="Table Theme" w:semiHidden="1" w:unhideWhenUsed="1"/><w:lsdException w:name="Placeholder Text" w:semiHidden="1"/><w:lsdException w:name="No Spacing" w:uiPriority="1" w:qFormat="1"/><w:lsdException w:name="Light Shading" w:uiPriority="60"/><w:lsdException w:name="Light List" w:uiPriority="61"/><w:lsdException w:name="Light Grid" w:uiPriority="62"/><w:lsdException w:name="Medium Shading 1" w:uiPriority="63"/><w:lsdException w:name="Medium Shading 2" w:uiPriority="64"/><w:lsdException w:name="Medium List 1" w:uiPriority="65"/><w:lsdException w:name="Medium List 2" w:uiPriority="66"/><w:lsdException w:name="Medium Grid 1" w:uiPriority="67"/><w:lsdException w:name="Medium Grid 2" w:uiPriority="68"/><w:lsdException w:name="Medium Grid 3" w:uiPriority="69"/><w:lsdException w:name="Dark List" w:uiPriority="70"/><w:lsdException w:name="Colorful Shading" w:uiPriority="71"/><w:lsdException w:name="Colorful List" w:uiPriority="72"/><w:lsdException w:name="Colorful Grid" w:uiPriority="73"/><w:lsdException w:name="Light Shading Accent 1" w:uiPriority="60"/><w:lsdException w:name="Light List Accent 1" w:uiPriority="61"/><w:lsdException w:name="Light Grid Accent 1" w:uiPriority="62"/><w:lsdException w:name="Medium Shading 1 Accent 1" w:uiPriority="63"/><w:lsdException w:name="Medium Shading 2 Accent 1" w:uiPriority="64"/><w:lsdException w:name="Medium List 1 Accent 1" w:uiPriority="65"/><w:lsdException w:name="Revision" w:semiHidden="1"/><w:lsdException w:name="List Paragraph" w:uiPriority="34" w:qFormat="1"/><w:lsdException w:name="Quote" w:uiPriority="29" w:qFormat="1"/><w:lsdException w:name="Intense Quote" w:uiPriority="30" w:qFormat="1"/><w:lsdException w:name="Medium List 2 Accent 1" w:uiPriority="66"/><w:lsdException w:name="Medium Grid 1 Accent 1" w:uiPriority="67"/><w:lsdException w:name="Medium Grid 2 Accent 1" w:uiPriority="68"/><w:lsdException w:name="Medium Grid 3 Accent 1" w:uiPriority="69"/><w:lsdException w:name="Dark List Accent 1" w:uiPriority="70"/><w:lsdException w:name="Colorful Shading Accent 1" w:uiPriority="71"/><w:lsdException w:name="Colorful List Accent 1" w:uiPriority="72"/><w:lsdException w:name="Colorful Grid Accent 1" w:uiPriority="73"/><w:lsdException w:name="Light Shading Accent 2" w:uiPriority="60"/><w:lsdException w:name="Light List Accent 2" w:uiPriority="61"/><w:lsdException w:name="Light Grid Accent 2" w:uiPriority="62"/><w:lsdException w:name="Medium Shading 1 Accent 2" w:uiPriority="63"/><w:lsdException w:name="Medium Shading 2 Accent 2" w:uiPriority="64"/><w:lsdException w:name="Medium List 1 Accent 2" w:uiPriority="65"/><w:lsdException w:name="Medium List 2 Accent 2" w:uiPriority="66"/><w:lsdException w:name="Medium Grid 1 Accent 2" w:uiPriority="67"/><w:lsdException w:name="Medium Grid 2 Accent 2" w:uiPriority="68"/><w:lsdException w:name="Medium Grid 3 Accent 2" w:uiPriority="69"/><w:lsdException w:name="Dark List Accent 2" w:uiPriority="70"/><w:lsdException w:name="Colorful Shading Accent 2" w:uiPriority="71"/><w:lsdException w:name="Colorful List Accent 2" w:uiPriority="72"/><w:lsdException w:name="Colorful Grid Accent 2" w:uiPriority="73"/><w:lsdException w:name="Light Shading Accent 3" w:uiPriority="60"/><w:lsdException w:name="Light List Accent 3" w:uiPriority="61"/><w:lsdException w:name="Light Grid Accent 3" w:uiPriority="62"/><w:lsdException w:name="Medium Shading 1 Accent 3" w:uiPriority="63"/><w:lsdException w:name="Medium Shading 2 Accent 3" w:uiPriority="64"/><w:lsdException w:name="Medium List 1 Accent 3" w:uiPriority="65"/><w:lsdException w:name="Medium List 2 Accent 3" w:uiPriority="66"/><w:lsdException w:name="Medium Grid 1 Accent 3" w:uiPriority="67"/><w:lsdException w:name="Medium Grid 2 Accent 3" w:uiPriority="68"/><w:lsdException w:name="Medium Grid 3 Accent 3" w:uiPriority="69"/><w:lsdException w:name="Dark List Accent 3" w:uiPriority="70"/><w:lsdException w:name="Colorful Shading Accent 3" w:uiPriority="71"/><w:lsdException w:name="Colorful List Accent 3" w:uiPriority="72"/><w:lsdException w:name="Colorful Grid Accent 3" w:uiPriority="73"/><w:lsdException w:name="Light Shading Accent 4" w:uiPriority="60"/><w:lsdException w:name="Light List Accent 4" w:uiPriority="61"/><w:lsdException w:name="Light Grid Accent 4" w:uiPriority="62"/><w:lsdException w:name="Medium Shading 1 Accent 4" w:uiPriority="63"/><w:lsdException w:name="Medium Shading 2 Accent 4" w:uiPriority="64"/><w:lsdException w:name="Medium List 1 Accent 4" w:uiPriority="65"/><w:lsdException w:name="Medium List 2 Accent 4" w:uiPriority="66"/><w:lsdException w:name="Medium Grid 1 Accent 4" w:uiPriority="67"/><w:lsdException w:name="Medium Grid 2 Accent 4" w:uiPriority="68"/><w:lsdException w:name="Medium Grid 3 Accent 4" w:uiPriority="69"/><w:lsdException w:name="Dark List Accent 4" w:uiPriority="70"/><w:lsdException w:name="Colorful Shading Accent 4" w:uiPriority="71"/><w:lsdException w:name="Colorful List Accent 4" w:uiPriority="72"/><w:lsdException w:name="Colorful Grid Accent 4" w:uiPriority="73"/><w:lsdException w:name="Light Shading Accent 5" w:uiPriority="60"/><w:lsdException w:name="Light List Accent 5" w:uiPriority="61"/><w:lsdException w:name="Light Grid Accent 5" w:uiPriority="62"/><w:lsdException w:name="Medium Shading 1 Accent 5" w:uiPriority="63"/><w:lsdException w:name="Medium Shading 2 Accent 5" w:uiPriority="64"/><w:lsdException w:name="Medium List 1 Accent 5" w:uiPriority="65"/><w:lsdException w:name="Medium List 2 Accent 5" w:uiPriority="66"/><w:lsdException w:name="Medium Grid 1 Accent 5" w:uiPriority="67"/><w:lsdException w:name="Medium Grid 2 Accent 5" w:uiPriority="68"/><w:lsdException w:name="Medium Grid 3 Accent 5" w:uiPriority="69"/><w:lsdException w:name="Dark List Accent 5" w:uiPriority="70"/><w:lsdException w:name="Colorful Shading Accent 5" w:uiPriority="71"/><w:lsdException w:name="Colorful List Accent 5" w:uiPriority="72"/><w:lsdException w:name="Colorful Grid Accent 5" w:uiPriority="73"/><w:lsdException w:name="Light Shading Accent 6" w:uiPriority="60"/><w:lsdException w:name="Light List Accent 6" w:uiPriority="61"/><w:lsdException w:name="Light Grid Accent 6" w:uiPriority="62"/><w:lsdException w:name="Medium Shading 1 Accent 6" w:uiPriority="63"/><w:lsdException w:name="Medium Shading 2 Accent 6" w:uiPriority="64"/><w:lsdException w:name="Medium List 1 Accent 6" w:uiPriority="65"/><w:lsdException w:name="Medium List 2 Accent 6" w:uiPriority="66"/><w:lsdException w:name="Medium Grid 1 Accent 6" w:uiPriority="67"/><w:lsdException w:name="Medium Grid 2 Accent 6" w:uiPriority="68"/><w:lsdException w:name="Medium Grid 3 Accent 6" w:uiPriority="69"/><w:lsdException w:name="Dark List Accent 6" w:uiPriority="70"/><w:lsdException w:name="Colorful Shading Accent 6" w:uiPriority="71"/><w:lsdException w:name="Colorful List Accent 6" w:uiPriority="72"/><w:lsdException w:name="Colorful Grid Accent 6" w:uiPriority="73"/><w:lsdException w:name="Subtle Emphasis" w:uiPriority="19" w:qFormat="1"/><w:lsdException w:name="Intense Emphasis" w:uiPriority="21" w:qFormat="1"/><w:lsdException w:name="Subtle Reference" w:uiPriority="31" w:qFormat="1"/><w:lsdException w:name="Intense Reference" w:uiPriority="32" w:qFormat="1"/><w:lsdException w:name="Book Title" w:uiPriority="33" w:qFormat="1"/><w:lsdException w:name="Bibliography" w:semiHidden="1" w:uiPriority="37" w:unhideWhenUsed="1"/><w:lsdException w:name="TOC Heading" w:semiHidden="1" w:uiPriority="39" w:unhideWhenUsed="1" w:qFormat="1"/><w:lsdException w:name="Plain Table 1" w:uiPriority="41"/><w:lsdException w:name="Plain Table 2" w:uiPriority="42"/><w:lsdException w:name="Plain Table 3" w:uiPriority="43"/><w:lsdException w:name="Plain Table 4" w:uiPriority="44"/><w:lsdException w:name="Plain Table 5" w:uiPriority="45"/><w:lsdException w:name="Grid Table Light" w:uiPriority="40"/><w:lsdException w:name="Grid Table 1 Light" w:uiPriority="46"/><w:lsdException w:name="Grid Table 2" w:uiPriority="47"/><w:lsdException w:name="Grid Table 3" w:uiPriority="48"/><w:lsdException w:name="Grid Table 4" w:uiPriority="49"/><w:lsdException w:name="Grid Table 5 Dark" w:uiPriority="50"/><w:lsdException w:name="Grid Table 6 Colorful" w:uiPriority="51"/><w:lsdException w:name="Grid Table 7 Colorful" w:uiPriority="52"/><w:lsdException w:name="Grid Table 1 Light Accent 1" w:uiPriority="46"/><w:lsdException w:name="Grid Table 2 Accent 1" w:uiPriority="47"/><w:lsdException w:name="Grid Table 3 Accent 1" w:uiPriority="48"/><w:lsdException w:name="Grid Table 4 Accent 1" w:uiPriority="49"/><w:lsdException w:name="Grid Table 5 Dark Accent 1" w:uiPriority="50"/><w:lsdException w:name="Grid Table 6 Colorful Accent 1" w:uiPriority="51"/><w:lsdException w:name="Grid Table 7 Colorful Accent 1" w:uiPriority="52"/><w:lsdException w:name="Grid Table 1 Light Accent 2" w:uiPriority="46"/><w:lsdException w:name="Grid Table 2 Accent 2" w:uiPriority="47"/><w:lsdException w:name="Grid Table 3 Accent 2" w:uiPriority="48"/><w:lsdException w:name="Grid Table 4 Accent 2" w:uiPriority="49"/><w:lsdException w:name="Grid Table 5 Dark Accent 2" w:uiPriority="50"/><w:lsdException w:name="Grid Table 6 Colorful Accent 2" w:uiPriority="51"/><w:lsdException w:name="Grid Table 7 Colorful Accent 2" w:uiPriority="52"/><w:lsdException w:name="Grid Table 1 Light Accent 3" w:uiPriority="46"/><w:lsdException w:name="Grid Table 2 Accent 3" w:uiPriority="47"/><w:lsdException w:name="Grid Table 3 Accent 3" w:uiPriority="48"/><w:lsdException w:name="Grid Table 4 Accent 3" w:uiPriority="49"/><w:lsdException w:name="Grid Table 5 Dark Accent 3" w:uiPriority="50"/><w:lsdException w:name="Grid Table 6 Colorful Accent 3" w:uiPriority="51"/><w:lsdException w:name="Grid Table 7 Colorful Accent 3" w:uiPriority="52"/><w:lsdException w:name="Grid Table 1 Light Accent 4" w:uiPriority="46"/><w:lsdException w:name="Grid Table 2 Accent 4" w:uiPriority="47"/><w:lsdException w:name="Grid Table 3 Accent 4" w:uiPriority="48"/><w:lsdException w:name="Grid Table 4 Accent 4" w:uiPriority="49"/><w:lsdException w:name="Grid Table 5 Dark Accent 4" w:uiPriority="50"/><w:lsdException w:name="Grid Table 6 Colorful Accent 4" w:uiPriority="51"/><w:lsdException w:name="Grid Table 7 Colorful Accent 4" w:uiPriority="52"/><w:lsdException w:name="Grid Table 1 Light Accent 5" w:uiPriority="46"/><w:lsdException w:name="Grid Table 2 Accent 5" w:uiPriority="47"/><w:lsdException w:name="Grid Table 3 Accent 5" w:uiPriority="48"/><w:lsdException w:name="Grid Table 4 Accent 5" w:uiPriority="49"/><w:lsdException w:name="Grid Table 5 Dark Accent 5" w:uiPriority="50"/><w:lsdException w:name="Grid Table 6 Colorful Accent 5" w:uiPriority="51"/><w:lsdException w:name="Grid Table 7 Colorful Accent 5" w:uiPriority="52"/><w:lsdException w:name="Grid Table 1 Light Accent 6" w:uiPriority="46"/><w:lsdException w:name="Grid Table 2 Accent 6" w:uiPriority="47"/><w:lsdException w:name="Grid Table 3 Accent 6" w:uiPriority="48"/><w:lsdException w:name="Grid Table 4 Accent 6" w:uiPriority="49"/><w:lsdException w:name="Grid Table 5 Dark Accent 6" w:uiPriority="50"/><w:lsdException w:name="Grid Table 6 Colorful Accent 6" w:uiPriority="51"/><w:lsdException w:name="Grid Table 7 Colorful Accent 6" w:uiPriority="52"/><w:lsdException w:name="List Table 1 Light" w:uiPriority="46"/><w:lsdException w:name="List Table 2" w:uiPriority="47"/><w:lsdException w:name="List Table 3" w:uiPriority="48"/><w:lsdException w:name="List Table 4" w:uiPriority="49"/><w:lsdException w:name="List Table 5 Dark" w:uiPriority="50"/><w:lsdException w:name="List Table 6 Colorful" w:uiPriority="51"/><w:lsdException w:name="List Table 7 Colorful" w:uiPriority="52"/><w:lsdException w:name="List Table 1 Light Accent 1" w:uiPriority="46"/><w:lsdException w:name="List Table 2 Accent 1" w:uiPriority="47"/><w:lsdException w:name="List Table 3 Accent 1" w:uiPriority="48"/><w:lsdException w:name="List Table 4 Accent 1" w:uiPriority="49"/><w:lsdException w:name="List Table 5 Dark Accent 1" w:uiPriority="50"/><w:lsdException w:name="List Table 6 Colorful Accent 1" w:uiPriority="51"/><w:lsdException w:name="List Table 7 Colorful Accent 1" w:uiPriority="52"/><w:lsdException w:name="List Table 1 Light Accent 2" w:uiPriority="46"/><w:lsdException w:name="List Table 2 Accent 2" w:uiPriority="47"/><w:lsdException w:name="List Table 3 Accent 2" w:uiPriority="48"/><w:lsdException w:name="List Table 4 Accent 2" w:uiPriority="49"/><w:lsdException w:name="List Table 5 Dark Accent 2" w:uiPriority="50"/><w:lsdException w:name="List Table 6 Colorful Accent 2" w:uiPriority="51"/><w:lsdException w:name="List Table 7 Colorful Accent 2" w:uiPriority="52"/><w:lsdException w:name="List Table 1 Light Accent 3" w:uiPriority="46"/><w:lsdException w:name="List Table 2 Accent 3" w:uiPriority="47"/><w:lsdException w:name="List Table 3 Accent 3" w:uiPriority="48"/><w:lsdException w:name="List Table 4 Accent 3" w:uiPriority="49"/><w:lsdException w:name="List Table 5 Dark Accent 3" w:uiPriority="50"/><w:lsdException w:name="List Table 6 Colorful Accent 3" w:uiPriority="51"/><w:lsdException w:name="List Table 7 Colorful Accent 3" w:uiPriority="52"/><w:lsdException w:name="List Table 1 Light Accent 4" w:uiPriority="46"/><w:lsdException w:name="List Table 2 Accent 4" w:uiPriority="47"/><w:lsdException w:name="List Table 3 Accent 4" w:uiPriority="48"/><w:lsdException w:name="List Table 4 Accent 4" w:uiPriority="49"/><w:lsdException w:name="List Table 5 Dark Accent 4" w:uiPriority="50"/><w:lsdException w:name="List Table 6 Colorful Accent 4" w:uiPriority="51"/><w:lsdException w:name="List Table 7 Colorful Accent 4" w:uiPriority="52"/><w:lsdException w:name="List Table 1 Light Accent 5" w:uiPriority="46"/><w:lsdException w:name="List Table 2 Accent 5" w:uiPriority="47"/><w:lsdException w:name="List Table 3 Accent 5" w:uiPriority="48"/><w:lsdException w:name="List Table 4 Accent 5" w:uiPriority="49"/><w:lsdException w:name="List Table 5 Dark Accent 5" w:uiPriority="50"/><w:lsdException w:name="List Table 6 Colorful Accent 5" w:uiPriority="51"/><w:lsdException w:name="List Table 7 Colorful Accent 5" w:uiPriority="52"/><w:lsdException w:name="List Table 1 Light Accent 6" w:uiPriority="46"/><w:lsdException w:name="List Table 2 Accent 6" w:uiPriority="47"/><w:lsdException w:name="List Table 3 Accent 6" w:uiPriority="48"/><w:lsdException w:name="List Table 4 Accent 6" w:uiPriority="49"/><w:lsdException w:name="List Table 5 Dark Accent 6" w:uiPriority="50"/><w:lsdException w:name="List Table 6 Colorful Accent 6" w:uiPriority="51"/><w:lsdException w:name="List Table 7 Colorful Accent 6" w:uiPriority="52"/></w:latentStyles><w:style w:type="paragraph" w:default="1" w:styleId="Normal"><w:name w:val="Normal"/><w:qFormat/><w:rsid w:val="00A5135F"/><w:pPr><w:spacing w:after="0"/></w:pPr><w:rPr><w:rFonts w:ascii="Verdana" w:hAnsi="Verdana"/></w:rPr></w:style><w:style w:type="paragraph" w:styleId="Ttulo1"><w:name w:val="heading 1"/><w:basedOn w:val="Normal"/><w:next w:val="Normal"/><w:link w:val="Ttulo1Char"/><w:uiPriority w:val="9"/><w:qFormat/><w:rsid w:val="00A5135F"/><w:pPr><w:numPr><w:numId w:val="19"/></w:numPr><w:spacing w:before="300" w:after="40"/><w:jc w:val="left"/><w:outlineLvl w:val="0"/></w:pPr><w:rPr><w:rFonts w:asciiTheme="minorHAnsi" w:hAnsiTheme="minorHAnsi"/><w:smallCaps/><w:color w:val="335B74" w:themeColor="text2"/><w:spacing w:val="5"/><w:sz w:val="32"/><w:szCs w:val="32"/></w:rPr></w:style><w:style w:type="paragraph" w:styleId="Ttulo2"><w:name w:val="heading 2"/><w:basedOn w:val="Normal"/><w:next w:val="Normal"/><w:link w:val="Ttulo2Char"/><w:uiPriority w:val="9"/><w:unhideWhenUsed/><w:qFormat/><w:rsid w:val="00A5135F"/><w:pPr><w:numPr><w:ilvl w:val="1"/><w:numId w:val="19"/></w:numPr><w:jc w:val="left"/><w:outlineLvl w:val="1"/></w:pPr><w:rPr><w:rFonts w:asciiTheme="minorHAnsi" w:hAnsiTheme="minorHAnsi"/><w:smallCaps/><w:color w:val="335B74" w:themeColor="text2"/><w:spacing w:val="5"/><w:sz w:val="28"/><w:szCs w:val="28"/></w:rPr></w:style><w:style w:type="paragraph" w:styleId="Ttulo3"><w:name w:val="heading 3"/><w:basedOn w:val="Normal"/><w:next w:val="Normal"/><w:link w:val="Ttulo3Char"/><w:uiPriority w:val="9"/><w:unhideWhenUsed/><w:qFormat/><w:rsid w:val="00A5135F"/><w:pPr><w:jc w:val="left"/><w:outlineLvl w:val="2"/></w:pPr><w:rPr><w:rFonts w:asciiTheme="minorHAnsi" w:hAnsiTheme="minorHAnsi"/><w:smallCaps/><w:spacing w:val="5"/><w:sz w:val="24"/><w:szCs w:val="24"/></w:rPr></w:style><w:style w:type="paragraph" w:styleId="Ttulo4"><w:name w:val="heading 4"/><w:basedOn w:val="Normal"/><w:next w:val="Normal"/><w:link w:val="Ttulo4Char"/><w:uiPriority w:val="9"/><w:semiHidden/><w:unhideWhenUsed/><w:qFormat/><w:rsid w:val="00A5135F"/><w:pPr><w:jc w:val="left"/><w:outlineLvl w:val="3"/></w:pPr><w:rPr><w:rFonts w:asciiTheme="minorHAnsi" w:hAnsiTheme="minorHAnsi"/><w:i/><w:iCs/><w:smallCaps/><w:spacing w:val="10"/><w:sz w:val="22"/><w:szCs w:val="22"/></w:rPr></w:style><w:style w:type="paragraph" w:styleId="Ttulo5"><w:name w:val="heading 5"/><w:basedOn w:val="Normal"/><w:next w:val="Normal"/><w:link w:val="Ttulo5Char"/><w:uiPriority w:val="9"/><w:semiHidden/><w:unhideWhenUsed/><w:qFormat/><w:rsid w:val="00A5135F"/><w:pPr><w:jc w:val="left"/><w:outlineLvl w:val="4"/></w:pPr><w:rPr><w:rFonts w:asciiTheme="minorHAnsi" w:hAnsiTheme="minorHAnsi"/><w:smallCaps/><w:color w:val="487B77" w:themeColor="accent6" w:themeShade="BF"/><w:spacing w:val="10"/><w:sz w:val="22"/><w:szCs w:val="22"/></w:rPr></w:style><w:style w:type="paragraph" w:styleId="Ttulo6"><w:name w:val="heading 6"/><w:basedOn w:val="Normal"/><w:next w:val="Normal"/><w:link w:val="Ttulo6Char"/><w:uiPriority w:val="9"/><w:semiHidden/><w:unhideWhenUsed/><w:qFormat/><w:rsid w:val="00A5135F"/><w:pPr><w:jc w:val="left"/><w:outlineLvl w:val="5"/></w:pPr><w:rPr><w:rFonts w:asciiTheme="minorHAnsi" w:hAnsiTheme="minorHAnsi"/><w:smallCaps/><w:color w:val="62A39F" w:themeColor="accent6"/><w:spacing w:val="5"/><w:sz w:val="22"/><w:szCs w:val="22"/></w:rPr></w:style><w:style w:type="paragraph" w:styleId="Ttulo7"><w:name w:val="heading 7"/><w:basedOn w:val="Normal"/><w:next w:val="Normal"/><w:link w:val="Ttulo7Char"/><w:uiPriority w:val="9"/><w:semiHidden/><w:unhideWhenUsed/><w:qFormat/><w:rsid w:val="00A5135F"/><w:pPr><w:jc w:val="left"/><w:outlineLvl w:val="6"/></w:pPr><w:rPr><w:rFonts w:asciiTheme="minorHAnsi" w:hAnsiTheme="minorHAnsi"/><w:b/><w:bCs/><w:smallCaps/><w:color w:val="62A39F" w:themeColor="accent6"/><w:spacing w:val="10"/></w:rPr></w:style><w:style w:type="paragraph" w:styleId="Ttulo8"><w:name w:val="heading 8"/><w:basedOn w:val="Normal"/><w:next w:val="Normal"/><w:link w:val="Ttulo8Char"/><w:uiPriority w:val="9"/><w:semiHidden/><w:unhideWhenUsed/><w:qFormat/><w:rsid w:val="00A5135F"/><w:pPr><w:jc w:val="left"/><w:outlineLvl w:val="7"/></w:pPr><w:rPr><w:rFonts w:asciiTheme="minorHAnsi" w:hAnsiTheme="minorHAnsi"/><w:b/><w:bCs/><w:i/><w:iCs/><w:smallCaps/><w:color w:val="487B77" w:themeColor="accent6" w:themeShade="BF"/></w:rPr></w:style><w:style w:type="paragraph" w:styleId="Ttulo9"><w:name w:val="heading 9"/><w:basedOn w:val="Normal"/><w:next w:val="Normal"/><w:link w:val="Ttulo9Char"/><w:uiPriority w:val="9"/><w:semiHidden/><w:unhideWhenUsed/><w:qFormat/><w:rsid w:val="00A5135F"/><w:pPr><w:jc w:val="left"/><w:outlineLvl w:val="8"/></w:pPr><w:rPr><w:rFonts w:asciiTheme="minorHAnsi" w:hAnsiTheme="minorHAnsi"/><w:b/><w:bCs/><w:i/><w:iCs/><w:smallCaps/><w:color w:val="305250" w:themeColor="accent6" w:themeShade="80"/></w:rPr></w:style><w:style w:type="character" w:default="1" w:styleId="Fontepargpadro"><w:name w:val="Default Paragraph Font"/><w:uiPriority w:val="1"/><w:semiHidden/><w:unhideWhenUsed/></w:style><w:style w:type="table" w:default="1" w:styleId="Tabelanormal"><w:name w:val="Normal Table"/><w:uiPriority w:val="99"/><w:semiHidden/><w:unhideWhenUsed/><w:tblPr><w:tblInd w:w="0" w:type="dxa"/><w:tblCellMar><w:top w:w="0" w:type="dxa"/><w:left w:w="108" w:type="dxa"/><w:bottom w:w="0" w:type="dxa"/><w:right w:w="108" w:type="dxa"/></w:tblCellMar></w:tblPr></w:style><w:style w:type="numbering" w:default="1" w:styleId="Semlista"><w:name w:val="No List"/><w:uiPriority w:val="99"/><w:semiHidden/><w:unhideWhenUsed/></w:style><w:style w:type="character" w:customStyle="1" w:styleId="Ttulo1Char"><w:name w:val="Título 1 Char"/><w:basedOn w:val="Fontepargpadro"/><w:link w:val="Ttulo1"/><w:uiPriority w:val="9"/><w:rsid w:val="00A5135F"/><w:rPr><w:smallCaps/><w:color w:val="335B74" w:themeColor="text2"/><w:spacing w:val="5"/><w:sz w:val="32"/><w:szCs w:val="32"/></w:rPr></w:style><w:style w:type="character" w:customStyle="1" w:styleId="Ttulo2Char"><w:name w:val="Título 2 Char"/><w:basedOn w:val="Fontepargpadro"/><w:link w:val="Ttulo2"/><w:uiPriority w:val="9"/><w:rsid w:val="00A5135F"/><w:rPr><w:smallCaps/><w:color w:val="335B74" w:themeColor="text2"/><w:spacing w:val="5"/><w:sz w:val="28"/><w:szCs w:val="28"/></w:rPr></w:style><w:style w:type="character" w:customStyle="1" w:styleId="Ttulo3Char"><w:name w:val="Título 3 Char"/><w:basedOn w:val="Fontepargpadro"/><w:link w:val="Ttulo3"/><w:uiPriority w:val="9"/><w:rsid w:val="00A5135F"/><w:rPr><w:smallCaps/><w:spacing w:val="5"/><w:sz w:val="24"/><w:szCs w:val="24"/></w:rPr></w:style><w:style w:type="paragraph" w:styleId="Cabealho"><w:name w:val="header"/><w:basedOn w:val="Normal"/><w:link w:val="CabealhoChar"/><w:rsid w:val="004D3930"/><w:pPr><w:tabs><w:tab w:val="center" w:pos="4419"/><w:tab w:val="right" w:pos="8838"/></w:tabs></w:pPr></w:style><w:style w:type="character" w:customStyle="1" w:styleId="CabealhoChar"><w:name w:val="Cabeçalho Char"/><w:basedOn w:val="Fontepargpadro"/><w:link w:val="Cabealho"/><w:rsid w:val="004D3930"/><w:rPr><w:rFonts w:ascii="Verdana" w:eastAsiaTheme="minorEastAsia" w:hAnsi="Verdana"/><w:sz w:val="20"/><w:szCs w:val="20"/></w:rPr></w:style><w:style w:type="paragraph" w:styleId="Rodap"><w:name w:val="footer"/><w:basedOn w:val="Normal"/><w:link w:val="RodapChar"/><w:rsid w:val="004D3930"/><w:pPr><w:tabs><w:tab w:val="center" w:pos="4419"/><w:tab w:val="right" w:pos="8838"/></w:tabs></w:pPr></w:style><w:style w:type="character" w:customStyle="1" w:styleId="RodapChar"><w:name w:val="Rodapé Char"/><w:basedOn w:val="Fontepargpadro"/><w:link w:val="Rodap"/><w:rsid w:val="004D3930"/><w:rPr><w:rFonts w:ascii="Verdana" w:eastAsiaTheme="minorEastAsia" w:hAnsi="Verdana"/><w:sz w:val="20"/><w:szCs w:val="20"/></w:rPr></w:style><w:style w:type="character" w:styleId="Hyperlink"><w:name w:val="Hyperlink"/><w:basedOn w:val="Fontepargpadro"/><w:uiPriority w:val="99"/><w:rsid w:val="004D3930"/><w:rPr><w:color w:val="0000FF"/><w:u w:val="single"/></w:rPr></w:style><w:style w:type="table" w:styleId="Tabelacomgrade"><w:name w:val="Table Grid"/><w:basedOn w:val="Tabelanormal"/><w:rsid w:val="004D3930"/><w:pPr><w:spacing w:after="0" w:line="240" w:lineRule="auto"/></w:pPr><w:rPr><w:rFonts w:ascii="Times New Roman" w:hAnsi="Times New Roman" w:cs="Times New Roman"/><w:lang w:eastAsia="pt-BR"/></w:rPr><w:tblPr><w:tblInd w:w="0" w:type="dxa"/><w:tblBorders><w:top w:val="single" w:sz="4" w:space="0" w:color="000000"/><w:left w:val="single" w:sz="4" w:space="0" w:color="000000"/><w:bottom w:val="single" w:sz="4" w:space="0" w:color="000000"/><w:right w:val="single" w:sz="4" w:space="0" w:color="000000"/><w:insideH w:val="single" w:sz="4" w:space="0" w:color="000000"/><w:insideV w:val="single" w:sz="4" w:space="0" w:color="000000"/></w:tblBorders><w:tblCellMar><w:top w:w="0" w:type="dxa"/><w:left w:w="108" w:type="dxa"/><w:bottom w:w="0" w:type="dxa"/><w:right w:w="108" w:type="dxa"/></w:tblCellMar></w:tblPr></w:style><w:style w:type="character" w:styleId="Nmerodepgina"><w:name w:val="page number"/><w:basedOn w:val="Fontepargpadro"/><w:rsid w:val="004D3930"/></w:style><w:style w:type="paragraph" w:styleId="Sumrio1"><w:name w:val="toc 1"/><w:basedOn w:val="Normal"/><w:next w:val="Normal"/><w:autoRedefine/><w:uiPriority w:val="39"/><w:rsid w:val="004D3930"/><w:pPr><w:spacing w:before="120" w:after="120"/></w:pPr><w:rPr><w:b/><w:bCs/><w:caps/></w:rPr></w:style><w:style w:type="paragraph" w:styleId="Sumrio2"><w:name w:val="toc 2"/><w:basedOn w:val="Normal"/><w:next w:val="Normal"/><w:autoRedefine/><w:uiPriority w:val="39"/><w:rsid w:val="004D3930"/><w:pPr><w:ind w:left="200"/></w:pPr><w:rPr><w:smallCaps/></w:rPr></w:style><w:style w:type="paragraph" w:customStyle="1" w:styleId="EstiloTtulo110ptVersaleteDepoisde6pt"><w:name w:val="Estilo Título 1 + 10 pt Versalete Depois de:  6 pt"/><w:basedOn w:val="Ttulo1"/><w:next w:val="Ttulo2"/><w:autoRedefine/><w:rsid w:val="004D3930"/><w:pPr><w:numPr><w:numId w:val="2"/></w:numPr><w:spacing w:after="120" w:line="360" w:lineRule="auto"/></w:pPr><w:rPr><w:rFonts w:ascii="EYInterstate" w:hAnsi="EYInterstate" w:cs="Times New Roman"/><w:b/><w:bCs/></w:rPr></w:style><w:style w:type="paragraph" w:customStyle="1" w:styleId="Advertencia"><w:name w:val="Advertencia"/><w:basedOn w:val="Normal"/><w:next w:val="Normal"/><w:rsid w:val="004D3930"/><w:pPr><w:suppressAutoHyphens/></w:pPr><w:rPr><w:rFonts w:ascii="Arial" w:hAnsi="Arial"/><w:i/><w:iCs/><w:szCs w:val="24"/><w:lang w:eastAsia="ar-SA"/></w:rPr></w:style><w:style w:type="paragraph" w:customStyle="1" w:styleId="Body"><w:name w:val="Body"/><w:link w:val="BodyChar"/><w:autoRedefine/><w:rsid w:val="004D3930"/><w:pPr><w:keepNext/><w:framePr w:hSpace="141" w:wrap="around" w:vAnchor="text" w:hAnchor="margin" w:xAlign="center" w:y="262"/><w:tabs><w:tab w:val="left" w:pos="567"/><w:tab w:val="left" w:pos="1134"/><w:tab w:val="left" w:pos="1701"/><w:tab w:val="left" w:pos="2268"/><w:tab w:val="left" w:pos="2835"/><w:tab w:val="left" w:pos="3402"/><w:tab w:val="left" w:pos="3969"/><w:tab w:val="left" w:pos="4535"/><w:tab w:val="left" w:pos="5102"/><w:tab w:val="left" w:pos="5669"/><w:tab w:val="left" w:pos="6236"/><w:tab w:val="left" w:pos="6803"/><w:tab w:val="left" w:pos="7370"/><w:tab w:val="left" w:pos="7937"/><w:tab w:val="left" w:pos="8504"/><w:tab w:val="left" w:pos="9071"/></w:tabs><w:suppressAutoHyphens/><w:spacing w:before="180" w:after="0" w:line="312" w:lineRule="auto"/><w:jc w:val="center"/></w:pPr><w:rPr><w:rFonts w:ascii="Arial" w:eastAsia="Helvetica Neue" w:hAnsi="Arial" w:cs="Courier New"/><w:b/><w:bCs/><w:iCs/><w:noProof/><w:color w:val="000000" w:themeColor="text1"/><w:lang w:eastAsia="pt-BR"/></w:rPr></w:style><w:style w:type="character" w:customStyle="1" w:styleId="BodyChar"><w:name w:val="Body Char"/><w:link w:val="Body"/><w:rsid w:val="004D3930"/><w:rPr><w:rFonts w:ascii="Arial" w:eastAsia="Helvetica Neue" w:hAnsi="Arial" w:cs="Courier New"/><w:b/><w:bCs/><w:iCs/><w:noProof/><w:color w:val="000000" w:themeColor="text1"/><w:sz w:val="20"/><w:szCs w:val="20"/><w:lang w:eastAsia="pt-BR"/></w:rPr></w:style><w:style w:type="paragraph" w:customStyle="1" w:styleId="Default"><w:name w:val="Default"/><w:rsid w:val="004D3930"/><w:pPr><w:widowControl w:val="0"/><w:autoSpaceDE w:val="0"/><w:autoSpaceDN w:val="0"/><w:adjustRightInd w:val="0"/><w:spacing w:after="0" w:line="240" w:lineRule="auto"/><w:ind w:left="851"/></w:pPr><w:rPr><w:rFonts w:ascii="Arial" w:hAnsi="Arial" w:cs="Arial"/><w:color w:val="000000"/><w:sz w:val="24"/><w:szCs w:val="24"/><w:lang w:eastAsia="pt-BR"/></w:rPr></w:style><w:style w:type="paragraph" w:styleId="Legenda"><w:name w:val="caption"/><w:basedOn w:val="Normal"/><w:next w:val="Normal"/><w:uiPriority w:val="35"/><w:unhideWhenUsed/><w:qFormat/><w:rsid w:val="002F7090"/><w:rPr><w:bCs/><w:i/><w:sz w:val="16"/><w:szCs w:val="16"/></w:rPr></w:style><w:style w:type="paragraph" w:styleId="Ttulo"><w:name w:val="Title"/><w:basedOn w:val="Normal"/><w:next w:val="Normal"/><w:link w:val="TtuloChar"/><w:uiPriority w:val="10"/><w:qFormat/><w:rsid w:val="00A5135F"/><w:pPr><w:pBdr><w:top w:val="single" w:sz="8" w:space="1" w:color="62A39F" w:themeColor="accent6"/></w:pBdr><w:spacing w:after="120" w:line="240" w:lineRule="auto"/><w:jc w:val="right"/></w:pPr><w:rPr><w:rFonts w:asciiTheme="minorHAnsi" w:hAnsiTheme="minorHAnsi"/><w:smallCaps/><w:color w:val="262626" w:themeColor="text1" w:themeTint="D9"/><w:sz w:val="52"/><w:szCs w:val="52"/></w:rPr></w:style><w:style w:type="character" w:customStyle="1" w:styleId="TtuloChar"><w:name w:val="Título Char"/><w:basedOn w:val="Fontepargpadro"/><w:link w:val="Ttulo"/><w:uiPriority w:val="10"/><w:rsid w:val="00A5135F"/><w:rPr><w:smallCaps/><w:color w:val="262626" w:themeColor="text1" w:themeTint="D9"/><w:sz w:val="52"/><w:szCs w:val="52"/></w:rPr></w:style><w:style w:type="paragraph" w:styleId="PargrafodaLista"><w:name w:val="List Paragraph"/><w:basedOn w:val="Normal"/><w:uiPriority w:val="34"/><w:qFormat/><w:rsid w:val="00A5135F"/><w:pPr><w:ind w:left="720"/><w:contextualSpacing/></w:pPr></w:style><w:style w:type="character" w:customStyle="1" w:styleId="Ttulo4Char"><w:name w:val="Título 4 Char"/><w:basedOn w:val="Fontepargpadro"/><w:link w:val="Ttulo4"/><w:uiPriority w:val="9"/><w:semiHidden/><w:rsid w:val="00A5135F"/><w:rPr><w:i/><w:iCs/><w:smallCaps/><w:spacing w:val="10"/><w:sz w:val="22"/><w:szCs w:val="22"/></w:rPr></w:style><w:style w:type="character" w:customStyle="1" w:styleId="Ttulo5Char"><w:name w:val="Título 5 Char"/><w:basedOn w:val="Fontepargpadro"/><w:link w:val="Ttulo5"/><w:uiPriority w:val="9"/><w:semiHidden/><w:rsid w:val="00A5135F"/><w:rPr><w:smallCaps/><w:color w:val="487B77" w:themeColor="accent6" w:themeShade="BF"/><w:spacing w:val="10"/><w:sz w:val="22"/><w:szCs w:val="22"/></w:rPr></w:style><w:style w:type="character" w:customStyle="1" w:styleId="Ttulo6Char"><w:name w:val="Título 6 Char"/><w:basedOn w:val="Fontepargpadro"/><w:link w:val="Ttulo6"/><w:uiPriority w:val="9"/><w:semiHidden/><w:rsid w:val="00A5135F"/><w:rPr><w:smallCaps/><w:color w:val="62A39F" w:themeColor="accent6"/><w:spacing w:val="5"/><w:sz w:val="22"/><w:szCs w:val="22"/></w:rPr></w:style><w:style w:type="character" w:customStyle="1" w:styleId="Ttulo7Char"><w:name w:val="Título 7 Char"/><w:basedOn w:val="Fontepargpadro"/><w:link w:val="Ttulo7"/><w:uiPriority w:val="9"/><w:semiHidden/><w:rsid w:val="00A5135F"/><w:rPr><w:b/><w:bCs/><w:smallCaps/><w:color w:val="62A39F" w:themeColor="accent6"/><w:spacing w:val="10"/></w:rPr></w:style><w:style w:type="character" w:customStyle="1" w:styleId="Ttulo8Char"><w:name w:val="Título 8 Char"/><w:basedOn w:val="Fontepargpadro"/><w:link w:val="Ttulo8"/><w:uiPriority w:val="9"/><w:semiHidden/><w:rsid w:val="00A5135F"/><w:rPr><w:b/><w:bCs/><w:i/><w:iCs/><w:smallCaps/><w:color w:val="487B77" w:themeColor="accent6" w:themeShade="BF"/></w:rPr></w:style><w:style w:type="character" w:customStyle="1" w:styleId="Ttulo9Char"><w:name w:val="Título 9 Char"/><w:basedOn w:val="Fontepargpadro"/><w:link w:val="Ttulo9"/><w:uiPriority w:val="9"/><w:semiHidden/><w:rsid w:val="00A5135F"/><w:rPr><w:b/><w:bCs/><w:i/><w:iCs/><w:smallCaps/><w:color w:val="305250" w:themeColor="accent6" w:themeShade="80"/></w:rPr></w:style><w:style w:type="paragraph" w:styleId="Subttulo"><w:name w:val="Subtitle"/><w:basedOn w:val="Normal"/><w:next w:val="Normal"/><w:link w:val="SubttuloChar"/><w:uiPriority w:val="11"/><w:qFormat/><w:rsid w:val="00A5135F"/><w:pPr><w:spacing w:after="720" w:line="240" w:lineRule="auto"/><w:jc w:val="right"/></w:pPr><w:rPr><w:rFonts w:asciiTheme="majorHAnsi" w:eastAsiaTheme="majorEastAsia" w:hAnsiTheme="majorHAnsi" w:cstheme="majorBidi"/></w:rPr></w:style><w:style w:type="character" w:customStyle="1" w:styleId="SubttuloChar"><w:name w:val="Subtítulo Char"/><w:basedOn w:val="Fontepargpadro"/><w:link w:val="Subttulo"/><w:uiPriority w:val="11"/><w:rsid w:val="00A5135F"/><w:rPr><w:rFonts w:asciiTheme="majorHAnsi" w:eastAsiaTheme="majorEastAsia" w:hAnsiTheme="majorHAnsi" w:cstheme="majorBidi"/></w:rPr></w:style><w:style w:type="character" w:styleId="Forte"><w:name w:val="Strong"/><w:uiPriority w:val="22"/><w:qFormat/><w:rsid w:val="00A5135F"/><w:rPr><w:b/><w:bCs/><w:color w:val="62A39F" w:themeColor="accent6"/></w:rPr></w:style><w:style w:type="character" w:styleId="nfase"><w:name w:val="Emphasis"/><w:uiPriority w:val="20"/><w:qFormat/><w:rsid w:val="00A5135F"/><w:rPr><w:b/><w:bCs/><w:i/><w:iCs/><w:spacing w:val="10"/></w:rPr></w:style><w:style w:type="paragraph" w:styleId="SemEspaamento"><w:name w:val="No Spacing"/><w:link w:val="SemEspaamentoChar"/><w:uiPriority w:val="1"/><w:qFormat/><w:rsid w:val="00A5135F"/><w:pPr><w:spacing w:after="0" w:line="240" w:lineRule="auto"/></w:pPr></w:style><w:style w:type="paragraph" w:styleId="Citao"><w:name w:val="Quote"/><w:basedOn w:val="Normal"/><w:next w:val="Normal"/><w:link w:val="CitaoChar"/><w:uiPriority w:val="29"/><w:qFormat/><w:rsid w:val="00A5135F"/><w:rPr><w:rFonts w:asciiTheme="minorHAnsi" w:hAnsiTheme="minorHAnsi"/><w:i/><w:iCs/></w:rPr></w:style><w:style w:type="character" w:customStyle="1" w:styleId="CitaoChar"><w:name w:val="Citação Char"/><w:basedOn w:val="Fontepargpadro"/><w:link w:val="Citao"/><w:uiPriority w:val="29"/><w:rsid w:val="00A5135F"/><w:rPr><w:i/><w:iCs/></w:rPr></w:style><w:style w:type="paragraph" w:styleId="CitaoIntensa"><w:name w:val="Intense Quote"/><w:basedOn w:val="Normal"/><w:next w:val="Normal"/><w:link w:val="CitaoIntensaChar"/><w:uiPriority w:val="30"/><w:qFormat/><w:rsid w:val="00A5135F"/><w:pPr><w:pBdr><w:top w:val="single" w:sz="8" w:space="1" w:color="62A39F" w:themeColor="accent6"/></w:pBdr><w:spacing w:before="140" w:after="140"/><w:ind w:left="1440" w:right="1440"/></w:pPr><w:rPr><w:rFonts w:asciiTheme="minorHAnsi" w:hAnsiTheme="minorHAnsi"/><w:b/><w:bCs/><w:i/><w:iCs/></w:rPr></w:style><w:style w:type="character" w:customStyle="1" w:styleId="CitaoIntensaChar"><w:name w:val="Citação Intensa Char"/><w:basedOn w:val="Fontepargpadro"/><w:link w:val="CitaoIntensa"/><w:uiPriority w:val="30"/><w:rsid w:val="00A5135F"/><w:rPr><w:b/><w:bCs/><w:i/><w:iCs/></w:rPr></w:style><w:style w:type="character" w:styleId="nfaseSutil"><w:name w:val="Subtle Emphasis"/><w:uiPriority w:val="19"/><w:qFormat/><w:rsid w:val="00A5135F"/><w:rPr><w:i/><w:iCs/></w:rPr></w:style><w:style w:type="character" w:styleId="nfaseIntensa"><w:name w:val="Intense Emphasis"/><w:uiPriority w:val="21"/><w:qFormat/><w:rsid w:val="00A5135F"/><w:rPr><w:b/><w:bCs/><w:i/><w:iCs/><w:color w:val="62A39F" w:themeColor="accent6"/><w:spacing w:val="10"/></w:rPr></w:style><w:style w:type="character" w:styleId="RefernciaSutil"><w:name w:val="Subtle Reference"/><w:uiPriority w:val="31"/><w:qFormat/><w:rsid w:val="00A5135F"/><w:rPr><w:b/><w:bCs/></w:rPr></w:style><w:style w:type="character" w:styleId="RefernciaIntensa"><w:name w:val="Intense Reference"/><w:uiPriority w:val="32"/><w:qFormat/><w:rsid w:val="00A5135F"/><w:rPr><w:b/><w:bCs/><w:smallCaps/><w:spacing w:val="5"/><w:sz w:val="22"/><w:szCs w:val="22"/><w:u w:val="single"/></w:rPr></w:style><w:style w:type="character" w:styleId="TtulodoLivro"><w:name w:val="Book Title"/><w:uiPriority w:val="33"/><w:qFormat/><w:rsid w:val="00A5135F"/><w:rPr><w:rFonts w:asciiTheme="majorHAnsi" w:eastAsiaTheme="majorEastAsia" w:hAnsiTheme="majorHAnsi" w:cstheme="majorBidi"/><w:i/><w:iCs/><w:sz w:val="20"/><w:szCs w:val="20"/></w:rPr></w:style><w:style w:type="paragraph" w:styleId="CabealhodoSumrio"><w:name w:val="TOC Heading"/><w:basedOn w:val="Ttulo1"/><w:next w:val="Normal"/><w:uiPriority w:val="39"/><w:semiHidden/><w:unhideWhenUsed/><w:qFormat/><w:rsid w:val="00A5135F"/><w:pPr><w:outlineLvl w:val="9"/></w:pPr><w:rPr><w:rFonts w:ascii="Verdana" w:hAnsi="Verdana"/></w:rPr></w:style><w:style w:type="character" w:customStyle="1" w:styleId="SemEspaamentoChar"><w:name w:val="Sem Espaçamento Char"/><w:basedOn w:val="Fontepargpadro"/><w:link w:val="SemEspaamento"/><w:uiPriority w:val="1"/><w:rsid w:val="00A5135F"/></w:style><w:style w:type="paragraph" w:styleId="Textodenotaderodap"><w:name w:val="footnote text"/><w:basedOn w:val="Normal"/><w:link w:val="TextodenotaderodapChar"/><w:uiPriority w:val="99"/><w:semiHidden/><w:unhideWhenUsed/><w:rsid w:val="00F76D15"/><w:pPr><w:spacing w:line="240" w:lineRule="auto"/></w:pPr></w:style><w:style w:type="character" w:customStyle="1" w:styleId="TextodenotaderodapChar"><w:name w:val="Texto de nota de rodapé Char"/><w:basedOn w:val="Fontepargpadro"/><w:link w:val="Textodenotaderodap"/><w:uiPriority w:val="99"/><w:semiHidden/><w:rsid w:val="00F76D15"/><w:rPr><w:rFonts w:ascii="Verdana" w:hAnsi="Verdana"/></w:rPr></w:style><w:style w:type="character" w:styleId="Refdenotaderodap"><w:name w:val="footnote reference"/><w:basedOn w:val="Fontepargpadro"/><w:uiPriority w:val="99"/><w:semiHidden/><w:unhideWhenUsed/><w:rsid w:val="00F76D15"/><w:rPr><w:vertAlign w:val="superscript"/></w:rPr></w:style><w:style w:type="paragraph" w:styleId="Sumrio3"><w:name w:val="toc 3"/><w:basedOn w:val="Normal"/><w:next w:val="Normal"/><w:autoRedefine/><w:uiPriority w:val="39"/><w:unhideWhenUsed/><w:rsid w:val="00E029E1"/><w:pPr><w:spacing w:after="100"/><w:ind w:left="400"/></w:pPr></w:style></w:styles>