<?xml version="1.0" encoding="UTF-8" standalone="yes"?>
<Properties xmlns="http://schemas.openxmlformats.org/officeDocument/2006/extended-properties" xmlns:vt="http://schemas.openxmlformats.org/officeDocument/2006/docPropsVTypes"><Template>Normal</Template><TotalTime>1</TotalTime><Pages>7</Pages><Words>620</Words><Characters>3353</Characters><Application>Microsoft Office Word</Application><DocSecurity>0</DocSecurity><Lines>27</Lines><Paragraphs>7</Paragraphs><ScaleCrop>false</ScaleCrop><HeadingPairs><vt:vector size="2" baseType="variant"><vt:variant><vt:lpstr>Título</vt:lpstr></vt:variant><vt:variant><vt:i4>1</vt:i4></vt:variant></vt:vector></HeadingPairs><TitlesOfParts><vt:vector size="1" baseType="lpstr"><vt:lpstr></vt:lpstr></vt:vector></TitlesOfParts><Company>Banco Itau Unibanco SA</Company><LinksUpToDate>false</LinksUpToDate><CharactersWithSpaces>3966</CharactersWithSpaces><SharedDoc>false</SharedDoc><HyperlinksChanged>false</HyperlinksChanged><AppVersion>15.0000</AppVersion></Properties>